Workbook

Sheet Outstanding Invoices
A1: TOTALGUARD YARD CARE — 2026 ACCOUNTS RECEIVABLE
A2: Invoice # | B2: Customer | C2: Service | D2: Invoice Date | E2: Due Date | F2: Amount | G2: Amount Paid | H2: Balance Due | I2: Days Outstanding | J2: Status | K2: Last Follow-up | L2: Notes
A3: 1 | H3: =F3-G3 | I3: =IF(AND(D3<>"",H3>0),TODAY()-D3,"")
A4: 2 | H4: =F4-G4 | I4: =IF(AND(D4<>"",H4>0),TODAY()-D4,"")
A5: 3 | H5: =F5-G5 | I5: =IF(AND(D5<>"",H5>0),TODAY()-D5,"")
A6: 4 | H6: =F6-G6 | I6: =IF(AND(D6<>"",H6>0),TODAY()-D6,"")
A7: 5 | H7: =F7-G7 | I7: =IF(AND(D7<>"",H7>0),TODAY()-D7,"")
A8: 6 | H8: =F8-G8 | I8: =IF(AND(D8<>"",H8>0),TODAY()-D8,"")
A9: 7 | H9: =F9-G9 | I9: =IF(AND(D9<>"",H9>0),TODAY()-D9,"")
A10: 8 | H10: =F10-G10 | I10: =IF(AND(D10<>"",H10>0),TODAY()-D10,"")
A11: 9 | H11: =F11-G11 | I11: =IF(AND(D11<>"",H11>0),TODAY()-D11,"")
A12: 10 | H12: =F12-G12 | I12: =IF(AND(D12<>"",H12>0),TODAY()-D12,"")
A13: 11 | H13: =F13-G13 | I13: =IF(AND(D13<>"",H13>0),TODAY()-D13,"")
A14: 12 | H14: =F14-G14 | I14: =IF(AND(D14<>"",H14>0),TODAY()-D14,"")
... A202: 200 | H202: =F202-G202 | I202: =IF(AND(D202<>"",H202>0),TODAY()-D202,"")
A203: TOTAL | F203: =SUM(F3:F202) | G203: =SUM(G3:G202) | H203: =SUM(H3:H202)

Sheet Aging Summary
A1: TOTALGUARD YARD CARE — 2026 AR AGING SUMMARY
A2: Category | B2: Count | C2: Amount | D2: % of Total
A3: Current (0-30 days) | B3: =COUNTIF('Outstanding Invoices'!J3:J202,"Current") | C3: =SUMIF('Outstanding Invoices'!J3:J202,"Current",'Outstanding Invoices'!H3:H202) | D3: =IF(C7=0,0,C3/C7)
A4: 31-60 Days | B4: =COUNTIF('Outstanding Invoices'!J3:J202,"30 Days") | C4: =SUMIF('Outstanding Invoices'!J3:J202,"30 Days",'Outstanding Invoices'!H3:H202) | D4: =IF(C7=0,0,C4/C7)
A5: 61-90 Days | B5: =COUNTIF('Outstanding Invoices'!J3:J202,"60 Days") | C5: =SUMIF('Outstanding Invoices'!J3:J202,"60 Days",'Outstanding Invoices'!H3:H202) | D5: =IF(C7=0,0,C5/C7)
A6: 90+ Days | B6: =COUNTIF('Outstanding Invoices'!J3:J202,"90+ Days") | C6: =SUMIF('Outstanding Invoices'!J3:J202,"90+ Days",'Outstanding Invoices'!H3:H202) | D6: =IF(C7=0,0,C6/C7)
A7: Total Outstanding | B7: =SUM(B3:B6) | C7: =SUM(C3:C6) | D7: =IF(C7=0,0,SUM(D3:D6))
A9: Paid / Collected | B9: =COUNTIF('Outstanding Invoices'!J3:J202,"Paid") | C9: =SUMIF('Outstanding Invoices'!J3:J202,"Paid",'Outstanding Invoices'!H3:H202)
A10: Written Off | B10: =COUNTIF('Outstanding Invoices'!J3:J202,"Written Off") | C10: =SUMIF('Outstanding Invoices'!J3:J202,"Written Off",'Outstanding Invoices'!H3:H202)
A12: GRAND TOTAL (All Invoices) | B12: =B7+B9+B10 | C12: =SUM('Outstanding Invoices'!F3:F202)
